"word"	"category"
"aad"	"remove"
"Abdul"	"Persons and Places"
"absence"	"Events and Society "
"according"	"Events and Society "
"accosted"	"Events and Society "
"account"	"Business and Commerce"
"accounts"	"Business and Commerce"
"acknowledge"	"Events and Society "
"acknowledged"	"Events and Society "
"Acknowledgements"	"Events and Society "
"Act"	"Politics and Power"
"act"	"Events and Society "
"Acting"	"Politics and Power"
"add"	"Events and Society "
"address"	"Business and Commerce"
"Adelaide"	"Persons and Places"
"Admiral"	"Persons and Places"
"advices"	"Business and Commerce"
"afternoon"	"Events and Society "
"aged"	"Events and Society "
"Agriculture"	"Events and Society "
"aid"	"Events and Society "
"air"	"Events and Society "
"Air"	"Events and Society "
"aircraft"	"Events and Society "
"Airlie"	"Politics and Power"
"album"	"Events and Society "
"Alex"	"Persons and Places"
"Alexandra"	"Persons and Places"
"Alfred"	"Persons and Places"
"Allied"	"Politics and Power"
"almost"	"remove"
"along"	"remove"
"Alor"	"Persons and Places"
"alter"	"Events and Society "
"Alum"	"Events and Society "
"always"	"remove"
"Amazing"	"Events and Society "
"Amer"	"Persons and Places"
"America"	"Persons and Places"
"American"	"Politics and Power"
"ami"	"remove"
"anchored"	"Events and Society "
"Andrew"	"Persons and Places"
"Ann"	"Persons and Places"
"annex"	"Business and Commerce"
"announce"	"Events and Society "
"annual"	"Events and Society "
"annum"	"Business and Commerce"
"another"	"remove"
"Anwar"	"Persons and Places"
"Apl"	"remove"
"appear"	"Events and Society "
"appearance"	"Events and Society "
"appeared"	"Events and Society "
"appears"	"Events and Society "
"appointed"	"Events and Society "
"Aquino"	"Persons and Places"
"arc"	"Events and Society "
"Arcadia"	"Politics and Power"
"area"	"Events and Society "
"Army"	"Politics and Power"
"Arrack"	"remove"
"arrested"	"Events and Society "
"arrival"	"Events and Society "
"arrivals"	"Business and Commerce"
"Arrivals"	"Business and Commerce"
"arrived"	"Events and Society "
"Arrives"	"Business and Commerce"
"arriving"	"Events and Society "
"art"	"Events and Society "
"Arthur"	"Persons and Places"
"article"	"Events and Society "
"articles"	"Events and Society "
"Asean"	"Politics and Power"
"Asia"	"Persons and Places"
"Asian"	"Persons and Places"
"Asiatic"	"Events and Society "
"aside"	"Events and Society "
"asks"	"Events and Society "
"Association"	"Politics and Power"
"ate"	"Events and Society "
"atomic"	"Events and Society "
"atr"	"remove"
"attention"	"Events and Society "
"Australia"	"Persons and Places"
"Australian"	"Persons and Places"
"Austria"	"Persons and Places"
"Automobile"	"Business and Commerce"
"automobile"	"Business and Commerce"
"Available"	"Events and Society "
"away"	"Events and Society "
"Ayer"	"Persons and Places"
"Baak"	"Persons and Places"
"back"	"Events and Society "
"bad"	"Events and Society "
"Badminton"	"Events and Society "
"badminton"	"Events and Society "
"bags"	"Business and Commerce"
"Bal"	"remove"
"bales"	"Business and Commerce"
"Bali"	"Persons and Places"
"Ball"	"Persons and Places"
"ban"	"Events and Society "
"Band"	"Events and Society "
"Bangkok"	"Persons and Places"
"Banjar"	"Business and Commerce"
"Bank"	"Business and Commerce"
"bark"	"Business and Commerce"
"barque"	"Business and Commerce"
"Barrie"	"Persons and Places"
"basis"	"Events and Society "
"Bass"	"Business and Commerce"
"bat"	"Events and Society "
"Batavia"	"Persons and Places"
"Batu"	"Persons and Places"
"beat"	"Events and Society "
"become"	"remove"
"Bees"	"Persons and Places"
"behind"	"Events and Society "
"Behn"	"Persons and Places"
"Beijing"	"Persons and Places"
"bench"	"Events and Society "
"Berlin"	"Persons and Places"
"Berthed"	"Business and Commerce"
"Besar"	"Persons and Places"
"best"	"Events and Society "
"Bette"	"Persons and Places"
"Bhd"	"Business and Commerce"
"bid"	"Business and Commerce"
"bids"	"Events and Society "
"big"	"Events and Society "
"Big"	"Events and Society "
"Bill"	"Politics and Power"
"billiards"	"Events and Society "
"Billiards"	"Events and Society "
"billion"	"Business and Commerce"
"Bintang"	"Persons and Places"
"Bio"	"Persons and Places"
"birth"	"Events and Society "
"Bishop"	"Persons and Places"
"Black"	"Persons and Places"
"Blackett"	"Persons and Places"
"Blackwood"	"Persons and Places"
"Blame"	"Persons and Places"
"Bnt"	"remove"
"board"	"Business and Commerce"
"Board"	"Events and Society "
"boat"	"Business and Commerce"
"body"	"Events and Society "
"Boer"	"Persons and Places"
"Boers"	"Persons and Places"
"Bombay"	"Persons and Places"
"Bonk"	"Business and Commerce"
"book"	"Business and Commerce"
"Book"	"Events and Society "
"bookings"	"Business and Commerce"
"Boom"	"Persons and Places"
"Boon"	"Persons and Places"
"Borneo"	"Persons and Places"
"bottled"	"Business and Commerce"
"boy"	"Events and Society "
"Brick"	"Persons and Places"
"brief"	"Events and Society "
"brig"	"Business and Commerce"
"bring"	"Events and Society "
"Brit"	"Politics and Power"
"Britain"	"Politics and Power"
"British"	"Politics and Power"
"broadcast"	"Events and Society "
"Brooke"	"Persons and Places"
"brought"	"Events and Society "
"Brown"	"Persons and Places"
"Brunei"	"Persons and Places"
"building"	"Events and Society "
"Bukit"	"Persons and Places"
"Burma"	"Persons and Places"
"bus"	"Events and Society "
"Bush"	"Persons and Places"
"business"	"Business and Commerce"
"Business"	"Business and Commerce"
"butter"	"Events and Society "
"Bux"	"Persons and Places"
"buy"	"Business and Commerce"
"buyers"	"Business and Commerce"
"Buyers"	"Business and Commerce"
"Cabaret"	"Persons and Places"
"cable"	"Business and Commerce"
"Calcutta"	"Persons and Places"
"California"	"Persons and Places"
"called"	"Events and Society "
"came"	"Events and Society "
"camera"	"Events and Society "
"Canning"	"Persons and Places"
"Canton"	"Persons and Places"
"Cape"	"Persons and Places"
"Capital"	"Business and Commerce"
"Capt"	"Business and Commerce"
"Captain"	"Persons and Places"
"car"	"Business and Commerce"
"Car"	"Business and Commerce"
"card"	"Events and Society "
"Cardiff"	"Persons and Places"
"cargo"	"Business and Commerce"
"cars"	"Business and Commerce"
"Cars"	"Business and Commerce"
"Carter"	"Persons and Places"
"case"	"Events and Society "
"cases"	"Events and Society "
"Casualties"	"Events and Society "
"casualties"	"Events and Society "
"cent"	"Business and Commerce"
"Central"	"Business and Commerce"
"centre"	"Events and Society "
"Centre"	"Events and Society "
"cents"	"Business and Commerce"
"Cents"	"Business and Commerce"
"Ceylon"	"Persons and Places"
"Chairman"	"Politics and Power"
"chairman"	"Business and Commerce"
"Chamber"	"Business and Commerce"
"Chamberlain"	"Politics and Power"
"champion"	"Events and Society "
"championship"	"Events and Society "
"championships"	"Events and Society "
"Channel"	"Events and Society "
"charge"	"Events and Society "
"charged"	"Events and Society "
"charges"	"Events and Society "
"Charles"	"Persons and Places"
"Chelsea"	"Persons and Places"
"Chess"	"Events and Society "
"Chief"	"Politics and Power"
"chief"	"Business and Commerce"
"child"	"Events and Society "
"children"	"Events and Society "
"China"	"Persons and Places"
"Chinas"	"Persons and Places"
"Chinese"	"Politics and Power"
"Chok"	"Persons and Places"
"Chong"	"Persons and Places"
"Chow"	"Persons and Places"
"christmas"	"Events and Society "
"Christmas"	"Events and Society "
"Chua"	"Persons and Places"
"Chungking"	"Persons and Places"
"Church"	"Politics and Power"
"Cinematograph"	"Events and Society "
"Circus"	"Persons and Places"
"City"	"Persons and Places"
"Civil"	"Politics and Power"
"Class"	"Events and Society "
"Clinton"	"Persons and Places"
"Close"	"Events and Society "
"close"	"Events and Society "
"closed"	"Business and Commerce"
"closing"	"Business and Commerce"
"Closing"	"Business and Commerce"
"Cloths"	"Business and Commerce"
"Club"	"Politics and Power"
"Clubs"	"Events and Society "
"Coffee"	"Business and Commerce"
"Colombo"	"Persons and Places"
"Colonel"	"Persons and Places"
"Colonial"	"Politics and Power"
"Colony"	"Persons and Places"
"com"	"remove"
"come"	"remove"
"commander"	"Politics and Power"
"Commerce"	"Business and Commerce"
"Commercial"	"Business and Commerce"
"Commission"	"Business and Commerce"
"Commissioners"	"Politics and Power"
"Committee"	"Politics and Power"
"Commons"	"Politics and Power"
"Communion"	"Politics and Power"
"communique"	"Politics and Power"
"Communist"	"Politics and Power"
"community"	"Events and Society "
"Comp"	"Business and Commerce"
"companies"	"Business and Commerce"
"Company"	"Business and Commerce"
"company"	"Business and Commerce"
"Companys"	"Business and Commerce"
"Competition"	"Events and Society "
"competition"	"Events and Society "
"Condolences"	"Events and Society "
"Conducted"	"Events and Society "
"Conference"	"Events and Society "
"Congo"	"Persons and Places"
"Congress"	"Politics and Power"
"connecting"	"Events and Society "
"connection"	"Events and Society "
"consignees"	"Events and Society "
"Consolidated"	"Events and Society "
"contained"	"Events and Society "
"contemporaries"	"Events and Society "
"continue"	"remove"
"continues"	"Events and Society "
"contract"	"Business and Commerce"
"Copra"	"Persons and Places"
"corner"	"Events and Society "
"Coronation"	"Politics and Power"
"Corp"	"Business and Commerce"
"correct"	"Events and Society "
"Correction"	"Events and Society "
"Council"	"Politics and Power"
"countries"	"Politics and Power"
"country"	"Events and Society "
"course"	"Events and Society "
"Court"	"Politics and Power"
"court"	"Politics and Power"
"Coy"	"Business and Commerce"
"Cricket"	"Events and Society "
"cricket"	"Events and Society "
"crisis"	"Events and Society "
"Cross"	"Persons and Places"
"cts"	"Business and Commerce"
"ctys"	"remove"
"Cueman"	"Persons and Places"
"cum"	"remove"
"Cup"	"Events and Society "
"currency"	"Business and Commerce"
"cut"	"Events and Society "
"cwt"	"Business and Commerce"
"Daily"	"remove"
"daily"	"Events and Society "
"Dance"	"Events and Society "
"data"	"Events and Society "
"Date"	"remove"
"date"	"Events and Society "
"dated"	"Events and Society "
"dates"	"Business and Commerce"
"Dati"	"Persons and Places"
"Dato"	"Politics and Power"
"Datuk"	"Politics and Power"
"Daventry"	"Persons and Places"
"days"	"Events and Society "
"dead"	"Events and Society "
"deal"	"Events and Society "
"dealers"	"Business and Commerce"
"death"	"Events and Society "
"Death"	"Events and Society "
"deaths"	"Events and Society "
"Deaths"	"Events and Society "
"deck"	"Business and Commerce"
"declares"	"Events and Society "
"Delhi"	"Persons and Places"
"demand"	"Business and Commerce"
"Demand"	"Events and Society "
"Departed"	"Events and Society "
"Department"	"Politics and Power"
"departure"	"Business and Commerce"
"Departures"	"Business and Commerce"
"Development"	"Business and Commerce"
"Diary"	"Politics and Power"
"Dido"	"Persons and Places"
"died"	"Events and Society "
"Different"	"Events and Society "
"dinner"	"Events and Society "
"director"	"Events and Society "
"directors"	"Events and Society "
"District"	"Persons and Places"
"Ditto"	"Business and Commerce"
"Div"	"Events and Society "
"division"	"Events and Society "
"Division"	"Events and Society "
"Dock"	"Business and Commerce"
"Docks"	"Persons and Places"
"doctor"	"Events and Society "
"dollar"	"Business and Commerce"
"dollars"	"Business and Commerce"
"done"	"Events and Society "
"dont"	"remove"
"Dow"	"Business and Commerce"
"draw"	"Events and Society "
"dress"	"Events and Society "
"dressed"	"Events and Society "
"Drill"	"Events and Society "
"drills"	"Events and Society "
"Drs"	"Events and Society "
"drs"	"Events and Society "
"drug"	"Events and Society "
"dry"	"Events and Society "
"Durban"	"Persons and Places"
"Dut"	"Persons and Places"
"Dutch"	"Persons and Places"
"Earl"	"Persons and Places"
"early"	"Events and Society "
"East"	"Persons and Places"
"Eastern"	"Persons and Places"
"economy"	"Business and Commerce"
"economic"	"Business and Commerce"
"Editor"	"remove"
"Education"	"Politics and Power"
"eggs"	"Events and Society "
"eight"	"Events and Society "
"Electric"	"Events and Society "
"Elizabeth"	"Persons and Places"
"Embankment"	"Persons and Places"
"Empire"	"Persons and Places"
"employees"	"Business and Commerce"
"end"	"Events and Society "
"ended"	"Business and Commerce"
"ending"	"Events and Society "
"enemy"	"Politics and Power"
"engine"	"Events and Society "
"England"	"Persons and Places"
"English"	"Politics and Power"
"Erin"	"Persons and Places"
"especially"	"Events and Society "
"Esq"	"Politics and Power"
"Estate"	"Business and Commerce"
"Estates"	"Business and Commerce"
"eta"	"remove"
"etc"	"remove"
"Europe"	"Persons and Places"
"European"	"Politics and Power"
"Evatt"	"Persons and Places"
"even"	"remove"
"evening"	"Events and Society "
"Evening"	"Events and Society "
"every"	"remove"
"Excellency"	"Politics and Power"
"except"	"Events and Society "
"Exchange"	"Business and Commerce"
"Exhibition"	"Events and Society "
"expected"	"Business and Commerce"
"Expected"	"Events and Society "
"extract"	"Events and Society "
"eyes"	"Events and Society "
"fair"	"Events and Society "
"family"	"Events and Society "
"famous"	"Events and Society "
"far"	"remove"
"father"	"Events and Society "
"fathers"	"Events and Society "
"Federation"	"Politics and Power"
"feet"	"Events and Society "
"Fence"	"Events and Society "
"film"	"Events and Society "
"Film"	"Events and Society "
"final"	"Events and Society "
"financial"	"Business and Commerce"
"Financier"	"Business and Commerce"
"find"	"Events and Society "
"fine"	"Events and Society "
"fined"	"Events and Society "
"fire"	"Events and Society "
"five"	"Events and Society "
"Flake"	"Business and Commerce"
"Flao"	"Persons and Places"
"Fleet"	"Events and Society "
"Flora"	"Business and Commerce"
"Flour"	"Business and Commerce"
"flour"	"Events and Society "
"flu"	"Events and Society "
"fob"	"Events and Society "
"follows"	"Events and Society "
"Fong"	"Persons and Places"
"Food"	"Events and Society "
"Football"	"Events and Society "
"football"	"Events and Society "
"forces"	"Politics and Power"
"Foreign"	"Politics and Power"
"foreign"	"Events and Society "
"Foretell"	"Events and Society "
"formaion"	"remove"
"former"	"Events and Society "
"Fort"	"Persons and Places"
"fortnight"	"Events and Society "
"forty"	"Business and Commerce"
"Forward"	"Events and Society "
"four"	"Events and Society "
"fourth"	"Events and Society "
"France"	"Persons and Places"
"Fraser"	"Persons and Places"
"free"	"Events and Society "
"French"	"Persons and Places"
"friendly"	"Events and Society "
"friends"	"Events and Society "
"front"	"Events and Society "
"full"	"Events and Society "
"Full"	"Events and Society "
"Fund"	"Business and Commerce"
"fund"	"Events and Society "
"funeral"	"Events and Society "
"fur"	"Business and Commerce"
"Fusiliers"	"Events and Society "
"Futta"	"Persons and Places"
"Galle"	"Persons and Places"
"Gambler"	"Persons and Places"
"game"	"Events and Society "
"games"	"Events and Society "
"Games"	"Events and Society "
"garden"	"Events and Society "
"Gardener"	"Events and Society "
"Garrison"	"Events and Society "
"Gate"	"Persons and Places"
"gave"	"Events and Society "
"Gazette"	"Politics and Power"
"General"	"Persons and Places"
"general"	"Events and Society "
"gentleman"	"Events and Society "
"Gentlemen"	"Business and Commerce"
"George"	"Persons and Places"
"German"	"Persons and Places"
"Germans"	"Persons and Places"
"Germany"	"Persons and Places"
"Gilmour"	"Persons and Places"
"girl"	"Events and Society "
"give"	"Events and Society "
"given"	"Events and Society "
"Glasgow"	"Persons and Places"
"global"	"Events and Society "
"Globe"	"Events and Society "
"goal"	"Events and Society "
"goals"	"Events and Society "
"Goan"	"Persons and Places"
"Godown"	"Politics and Power"
"Goh"	"Persons and Places"
"going"	"Events and Society "
"gold"	"Business and Commerce"
"Gold"	"Business and Commerce"
"Golf"	"Events and Society "
"Good"	"Persons and Places"
"good"	"Events and Society "
"Gorbachev"	"Persons and Places"
"got"	"remove"
"Government"	"Politics and Power"
"government"	"Politics and Power"
"Governor"	"Politics and Power"
"gratefully"	"Events and Society "
"Graving"	"Business and Commerce"
"great"	"Events and Society "
"Great"	"Persons and Places"
"ground"	"Events and Society "
"group"	"Events and Society "
"Group"	"Events and Society "
"Guan"	"Persons and Places"
"Guard"	"Politics and Power"
"Gubbins"	"Persons and Places"
"Guild"	"Persons and Places"
"guilty"	"Events and Society "
"Gulf"	"Persons and Places"
"Hale"	"Persons and Places"
"half"	"Business and Commerce"
"Hall"	"Persons and Places"
"Hamburg"	"Persons and Places"
"Handicap"	"Events and Society "
"Hank"	"Persons and Places"
"Hankow"	"Persons and Places"
"Harbour"	"Business and Commerce"
"harbour"	"Business and Commerce"
"hark"	"Events and Society "
"Harrison"	"Persons and Places"
"heading"	"Events and Society "
"Headquarters"	"Persons and Places"
"heard"	"Events and Society "
"heart"	"Events and Society "
"Helm"	"Persons and Places"
"help"	"Events and Society "
"Hie"	"remove"
"High"	"Politics and Power"
"high"	"Events and Society "
"higher"	"Events and Society "
"hit"	"Events and Society "
"Hitam"	"Persons and Places"
"Hkong"	"Persons and Places"
"Hnt"	"remove"
"Hock"	"Persons and Places"
"hockey"	"Events and Society "
"Hockey"	"Events and Society "
"Holdings"	"Business and Commerce"
"Hollywood"	"Persons and Places"
"Holy"	"Events and Society "
"Home"	"Politics and Power"
"home"	"Events and Society "
"homeward"	"Events and Society "
"Hon"	"Politics and Power"
"Honble"	"Politics and Power"
"Hong"	"Persons and Places"
"Hongkong"	"Persons and Places"
"Honor"	"Politics and Power"
"Honorable"	"Politics and Power"
"horses"	"Events and Society "
"Hotel"	"Events and Society "
"Hour"	"Events and Society "
"hour"	"Events and Society "
"hours"	"Events and Society "
"house"	"Events and Society "
"House"	"Politics and Power"
"Howard"	"Persons and Places"
"Hrit"	"remove"
"hundred"	"Events and Society "
"Hurst"	"Persons and Places"
"husband"	"Events and Society "
"Hwee"	"Persons and Places"
"Ibe"	"remove"
"ibe"	"remove"
"Ihe"	"remove"
"ihe"	"remove"
"iii"	"remove"
"ili"	"remove"
"ill"	"Events and Society "
"Imperial"	"Politics and Power"
"importance"	"Events and Society "
"imports"	"Business and Commerce"
"Imports"	"Business and Commerce"
"Inche"	"Politics and Power"
"Index"	"Business and Commerce"
"India"	"Persons and Places"
"Indian"	"Persons and Places"
"Indonesia"	"Persons and Places"
"Indonesian"	"Persons and Places"
"industrial"	"Business and Commerce"
"industry"	"Business and Commerce"
"information"	"Events and Society "
"ing"	"remove"
"Inner"	"Persons and Places"
"innings"	"Events and Society "
"inquest"	"Events and Society "
"inside"	"Events and Society "
"inst"	"remove"
"instant"	"Events and Society "
"Institute"	"Persons and Places"
"Int"	"remove"
"Intelligence"	"Business and Commerce"
"intelligence"	"Business and Commerce"
"intending"	"Events and Society "
"interest"	"Events and Society "
"interesting"	"Events and Society "
"International"	"Politics and Power"
"Internet"	"Events and Society "
"investment"	"Business and Commerce"
"invited"	"Events and Society "
"ion"	"remove"
"Ipoh"	"Persons and Places"
"Iraq"	"Persons and Places"
"Iraqi"	"Persons and Places"
"issue"	"Events and Society "
"issued"	"Events and Society "
"Ist"	"remove"
"Italian"	"Persons and Places"
"items"	"Events and Society "
"itr"	"remove"
"jailed"	"Events and Society "
"Jakarta"	"Persons and Places"
"James"	"Persons and Places"
"Japan"	"Persons and Places"
"Japanese"	"Politics and Power"
"Jati"	"Business and Commerce"
"Java"	"Persons and Places"
"Jenkins"	"Persons and Places"
"job"	"Events and Society "
"Jobs"	"Business and Commerce"
"John"	"Persons and Places"
"Johnson"	"Persons and Places"
"Johor"	"Persons and Places"
"Johore"	"Persons and Places"
"Jones"	"Business and Commerce"
"Joseph"	"Persons and Places"
"Journal"	"Events and Society "
"journalist"	"Events and Society "
"journals"	"Business and Commerce"
"Junks"	"Business and Commerce"
"Justice"	"Politics and Power"
"Kami"	"Persons and Places"
"Kellaway"	"Persons and Places"
"Kennedy"	"Persons and Places"
"Kerr"	"Persons and Places"
"killed"	"Events and Society "
"Killer"	"Events and Society "
"King"	"Politics and Power"
"Kinta"	"Persons and Places"
"Kirn"	"Persons and Places"
"Klang"	"Persons and Places"
"know"	"Events and Society "
"known"	"Events and Society "
"Koala"	"Persons and Places"
"Kong"	"Persons and Places"
"Korea"	"Persons and Places"
"Korean"	"Persons and Places"
"Kosovo"	"Persons and Places"
"Krian"	"Persons and Places"
"Kuala"	"Persons and Places"
"Kuan"	"Persons and Places"
"Kuwait"	"Persons and Places"
"Labour"	"Politics and Power"
"Ladies"	"Events and Society "
"lady"	"Events and Society "
"Lady"	"Persons and Places"
"laid"	"Events and Society "
"land"	"Business and Commerce"
"large"	"Events and Society "
"late"	"Events and Society "
"lately"	"Events and Society "
"latest"	"Events and Society "
"law"	"Events and Society "
"lay"	"Events and Society "
"lbs"	"Business and Commerce"
"Lch"	"remove"
"lead"	"Events and Society "
"leader"	"Events and Society "
"leaders"	"Politics and Power"
"League"	"Politics and Power"
"league"	"Events and Society "
"leaguer"	"Events and Society "
"learn"	"Events and Society "
"learns"	"Events and Society "
"leave"	"Events and Society "
"leaves"	"Events and Society "
"leaving"	"Events and Society "
"Lebanon"	"Persons and Places"
"Lee"	"Persons and Places"
"left"	"Events and Society "
"Legislative"	"Politics and Power"
"letter"	"Events and Society "
"Letter"	"Events and Society "
"Letters"	"Events and Society "
"lias"	"remove"
"Liberian"	"Persons and Places"
"Library"	"Persons and Places"
"lie"	"remove"
"Lieat"	"Persons and Places"
"Lient"	"Persons and Places"
"Lieut"	"Persons and Places"
"lii"	"remove"
"Lim"	"Persons and Places"
"Limerick"	"Persons and Places"
"Limited"	"Business and Commerce"
"lint"	"Business and Commerce"
"list"	"Events and Society "
"List"	"Events and Society "
"lit"	"remove"
"little"	"Events and Society "
"Little"	"Persons and Places"
"Liverpool"	"Persons and Places"
"Lloyd"	"Persons and Places"
"loan"	"Business and Commerce"
"Local"	"Events and Society "
"local"	"Business and Commerce"
"Lois"	"Persons and Places"
"London"	"Persons and Places"
"long"	"Events and Society "
"loose"	"Events and Society "
"lor"	"remove"
"Lord"	"Persons and Places"
"lost"	"Events and Society "
"lot"	"Events and Society "
"lots"	"Business and Commerce"
"love"	"Events and Society "
"Low"	"Persons and Places"
"lower"	"Business and Commerce"
"Ltd"	"Business and Commerce"
"Lumpur"	"Persons and Places"
"Lunatic"	"Events and Society "
"lurk"	"Events and Society "
"Lyall"	"Persons and Places"
"lying"	"Events and Society "
"Mac"	"Persons and Places"
"Macao"	"Persons and Places"
"Mace"	"Business and Commerce"
"Macphail"	"Persons and Places"
"Madras"	"Persons and Places"
"Magistrate"	"Politics and Power"
"magistrate"	"Politics and Power"
"Mahathir"	"Persons and Places"
"Mahomed"	"Persons and Places"
"mail"	"Events and Society "
"Mail"	"Business and Commerce"
"mails"	"Events and Society "
"Mails"	"Events and Society "
"Main"	"Events and Society "
"Mainly"	"Events and Society "
"Major"	"Persons and Places"
"making"	"Events and Society "
"Malacca"	"Persons and Places"
"Malaria"	"Events and Society "
"Malay"	"Politics and Power"
"Malaya"	"Persons and Places"
"Malayan"	"Persons and Places"
"Malayans"	"Persons and Places"
"Malays"	"Politics and Power"
"Malaysia"	"Persons and Places"
"Malaysian"	"Persons and Places"
"male"	"Events and Society "
"Malta"	"Persons and Places"
"management"	"Events and Society "
"manager"	"Events and Society "
"Manila"	"Persons and Places"
"Manning"	"Persons and Places"
"Mansfield"	"Persons and Places"
"Manufactured"	"Business and Commerce"
"many"	"Events and Society "
"Mara"	"Persons and Places"
"Margin"	"Events and Society "
"Maritime"	"Events and Society "
"market"	"Business and Commerce"
"Market"	"Business and Commerce"
"markets"	"Business and Commerce"
"marry"	"Events and Society "
"Marshal"	"Politics and Power"
"Maru"	"Persons and Places"
"match"	"Events and Society "
"matches"	"Events and Society "
"Maulmain"	"Persons and Places"
"mcd"	"remove"
"meet"	"Events and Society "
"meeting"	"Politics and Power"
"Melbourne"	"Persons and Places"
"member"	"Events and Society "
"members"	"Events and Society "
"Memoriam"	"Events and Society "
"men"	"remove"
"message"	"Events and Society "
"met"	"Events and Society "
"Meyer"	"Persons and Places"
"Michael"	"Persons and Places"
"middle"	"Events and Society "
"Midnight"	"Events and Society "
"mil"	"Business and Commerce"
"Mil"	"Events and Society "
"miles"	"Events and Society "
"Military"	"Politics and Power"
"military"	"Politics and Power"
"milk"	"Events and Society "
"million"	"Events and Society "
"minimum"	"Business and Commerce"
"Minimum"	"Business and Commerce"
"Minister"	"Politics and Power"
"Ministry"	"Politics and Power"
"Minutes"	"Events and Society "
"minutes"	"Events and Society "
"Miss"	"remove"
"Moar"	"Persons and Places"
"Model"	"Events and Society "
"Moidi"	"Persons and Places"
"money"	"Events and Society "
"month"	"Business and Commerce"
"Moon"	"Persons and Places"
"morning"	"Events and Society "
"Morning"	"Events and Society "
"motor"	"Business and Commerce"
"Motor"	"Business and Commerce"
"motoring"	"Business and Commerce"
"motorist"	"Events and Society "
"move"	"Events and Society "
"Movements"	"Events and Society "
"movie"	"Events and Society "
"Muar"	"Persons and Places"
"much"	"remove"
"Mule"	"Business and Commerce"
"Mun"	"Persons and Places"
"Municipal"	"Politics and Power"
"Mure"	"Persons and Places"
"Murphy"	"Persons and Places"
"music"	"Events and Society "
"must"	"remove"
"Nacoda"	"Business and Commerce"
"Nakoda"	"Business and Commerce"
"Name"	"Events and Society "
"name"	"Events and Society "
"names"	"Events and Society "
"Nanking"	"Persons and Places"
"Nathaniel"	"Persons and Places"
"National"	"Politics and Power"
"national"	"Politics and Power"
"Nations"	"Politics and Power"
"Nato"	"Politics and Power"
"naturally"	"Events and Society "
"Naylor"	"Persons and Places"
"near"	"remove"
"need"	"Events and Society "
"Negri"	"Persons and Places"
"net"	"Business and Commerce"
"Netherlands"	"Persons and Places"
"never"	"Events and Society "
"news"	"Events and Society "
"News"	"remove"
"newspaper"	"Events and Society "
"nil"	"remove"
"Nil"	"remove"
"Nixon"	"Persons and Places"
"nnd"	"remove"
"nom"	"Events and Society "
"none"	"remove"
"Noon"	"Events and Society "
"noon"	"Events and Society "
"norn"	"Events and Society "
"North"	"Persons and Places"
"Nos"	"remove"
"nothing"	"Events and Society "
"notice"	"Business and Commerce"
"nuclear"	"Politics and Power"
"number"	"Events and Society "
"Number"	"Business and Commerce"
"numbers"	"Events and Society "
"Nurse"	"Persons and Places"
"nut"	"Business and Commerce"
"oar"	"Events and Society "
"Obama"	"Persons and Places"
"Observer"	"Events and Society "
"oclock"	"Events and Society "
"offer"	"Events and Society "
"Office"	"Business and Commerce"
"Officer"	"Politics and Power"
"officers"	"Politics and Power"
"offices"	"Business and Commerce"
"official"	"Politics and Power"
"officials"	"Politics and Power"
"oil"	"Business and Commerce"
"old"	"Events and Society "
"Old"	"Events and Society "
"Olympia"	"Persons and Places"
"Olympic"	"Events and Society "
"Onlooker"	"Events and Society "
"open"	"Events and Society "
"Open"	"Events and Society "
"opened"	"Events and Society "
"opinion"	"Events and Society "
"Opium"	"Business and Commerce"
"opposition"	"Events and Society "
"order"	"Events and Society "
"Orders"	"Business and Commerce"
"ordinary"	"Events and Society "
"Oriental"	"Persons and Places"
"original"	"Events and Society "
"Orion"	"Persons and Places"
"Others"	"Events and Society "
"ounces"	"Events and Society "
"Outward"	"Events and Society "
"Overland"	"Business and Commerce"
"Overseas"	"Events and Society "
"owe"	"Events and Society "
"packet"	"Events and Society "
"padang"	"Events and Society "
"Pagar"	"Persons and Places"
"Pahat"	"Persons and Places"
"paid"	"Business and Commerce"
"Paid"	"Business and Commerce"
"Pakistan"	"Persons and Places"
"Palace"	"Persons and Places"
"paper"	"Business and Commerce"
"papers"	"Business and Commerce"
"par"	"remove"
"Par"	"Business and Commerce"
"Parade"	"Politics and Power"
"Parcels"	"Business and Commerce"
"Paris"	"Persons and Places"
"Park"	"Persons and Places"
"Parliament"	"Politics and Power"
"part"	"Events and Society "
"party"	"Events and Society "
"Party"	"Politics and Power"
"passed"	"Events and Society "
"Passenger"	"Business and Commerce"
"passengers"	"Business and Commerce"
"Passengers"	"Business and Commerce"
"pay"	"Events and Society "
"pcs"	"Business and Commerce"
"peace"	"Events and Society "
"peacefully"	"Events and Society "
"Pearl"	"Business and Commerce"
"Peking"	"Persons and Places"
"penalty"	"Events and Society "
"Penang"	"Persons and Places"
"Peninsular"	"Persons and Places"
"Pepper"	"Business and Commerce"
"Perak"	"Persons and Places"
"Personal"	"Events and Society "
"persons"	"Events and Society "
"Peter"	"Persons and Places"
"Philip"	"Persons and Places"
"Philippine"	"Persons and Places"
"Philippines"	"Persons and Places"
"Phillip"	"Persons and Places"
"Phone"	"Events and Society "
"photo"	"Events and Society "
"photograph"	"Events and Society "
"picked"	"Events and Society "
"picture"	"Events and Society "
"pictures"	"Events and Society "
"picul"	"Business and Commerce"
"piculs"	"Business and Commerce"
"Pinang"	"Persons and Places"
"pirates"	"Events and Society "
"pis"	"remove"
"place"	"Events and Society "
"Planet"	"Events and Society "
"plans"	"Events and Society "
"plants"	"Events and Society "
"play"	"Events and Society "
"played"	"Events and Society "
"players"	"Events and Society "
"pleaded"	"Events and Society "
"points"	"Events and Society "
"Police"	"Events and Society "
"police"	"Events and Society "
"Port"	"Business and Commerce"
"port"	"Business and Commerce"
"ports"	"Business and Commerce"
"Post"	"Business and Commerce"
"potatoes"	"Business and Commerce"
"Poultry"	"Business and Commerce"
"poultry"	"Business and Commerce"
"pound"	"Events and Society "
"pounds"	"Business and Commerce"
"power"	"Politics and Power"
"Practice"	"Events and Society "
"pram"	"Events and Society "
"prem"	"Business and Commerce"
"Premier"	"Politics and Power"
"premises"	"Events and Society "
"present"	"Events and Society "
"President"	"Politics and Power"
"presiding"	"Events and Society "
"Press"	"remove"
"Price"	"Business and Commerce"
"price"	"Business and Commerce"
"Prices"	"Business and Commerce"
"prices"	"Business and Commerce"
"Prime"	"Politics and Power"
"Prince"	"Politics and Power"
"Princess"	"Politics and Power"
"Private"	"Events and Society "
"prize"	"Events and Society "
"probable"	"Events and Society "
"profit"	"Business and Commerce"
"profits"	"Business and Commerce"
"Programme"	"Events and Society "
"programmes"	"Events and Society "
"progress"	"Events and Society "
"protest"	"Events and Society "
"province"	"Events and Society "
"provisional"	"Events and Society "
"public"	"Events and Society "
"published"	"Events and Society "
"put"	"remove"
"quality"	"Events and Society "
"Quarter"	"Business and Commerce"
"quarter"	"Business and Commerce"
"Queen"	"Persons and Places"
"question"	"Events and Society "
"quiet"	"Events and Society "
"quotations"	"Business and Commerce"
"Quotations"	"Events and Society "
"Quoted"	"Events and Society "
"quoted"	"Events and Society "
"Race"	"Events and Society "
"race"	"Events and Society "
"races"	"Events and Society "
"Rachman"	"Persons and Places"
"racing"	"Events and Society "
"Radio"	"Events and Society "
"radio"	"Events and Society "
"Rahman"	"Persons and Places"
"Ramos"	"Persons and Places"
"Range"	"Events and Society "
"range"	"Events and Society "
"Rangoon"	"Persons and Places"
"rates"	"Events and Society "
"rather"	"remove"
"reach"	"Events and Society "
"reached"	"Events and Society "
"read"	"Events and Society "
"Read"	"Events and Society "
"Reader"	"Events and Society "
"readily"	"Events and Society "
"Reagan"	"Persons and Places"
"received"	"Events and Society "
"recent"	"Events and Society "
"recently"	"Events and Society "
"record"	"Events and Society "
"Recreation"	"Events and Society "
"red"	"Events and Society "
"relatives"	"Events and Society "
"replied"	"Events and Society "
"report"	"Events and Society "
"Report"	"Events and Society "
"Reports"	"Business and Commerce"
"reports"	"Events and Society "
"repro"	"remove"
"reproducing"	"Events and Society "
"requested"	"Events and Society "
"result"	"Events and Society "
"results"	"Events and Society "
"returned"	"Events and Society "
"Rev"	"Persons and Places"
"Rhio"	"Persons and Places"
"rice"	"Business and Commerce"
"Rifle"	"Events and Society "
"right"	"Events and Society "
"ring"	"Events and Society "
"Ringer"	"Persons and Places"
"Rio"	"Persons and Places"
"Road"	"Events and Society "
"road"	"Events and Society "
"roads"	"Events and Society "
"Roads"	"Events and Society "
"Robert"	"Persons and Places"
"Rodney"	"Persons and Places"
"round"	"Events and Society "
"row"	"Events and Society "
"Royal"	"Persons and Places"
"rtr"	"remove"
"rubber"	"Business and Commerce"
"Rubber"	"Business and Commerce"
"Rugby"	"Events and Society "
"rugger"	"Events and Society "
"runs"	"Events and Society "
"Russia"	"Persons and Places"
"Russian"	"Persons and Places"
"Sabah"	"Persons and Places"
"Sago"	"Business and Commerce"
"Sail"	"Events and Society "
"sailing"	"Events and Society "
"Sailors"	"Politics and Power"
"sales"	"Business and Commerce"
"salt"	"Events and Society "
"Sar"	"remove"
"Sarawak"	"Persons and Places"
"Sars"	"Events and Society "
"saying"	"Events and Society "
"school"	"Events and Society "
"School"	"Persons and Places"
"schools"	"Events and Society "
"schooner"	"Business and Commerce"
"scored"	"Events and Society "
"Scott"	"Persons and Places"
"sea"	"Events and Society "
"Seal"	"Events and Society "
"Seap"	"Persons and Places"
"season"	"Events and Society "
"Sec"	"Politics and Power"
"second"	"Events and Society "
"Second"	"Events and Society "
"Secretary"	"Politics and Power"
"security"	"Events and Society "
"see"	"Events and Society "
"seen"	"Events and Society "
"Sees"	"Events and Society "
"Segamat"	"Persons and Places"
"Selangor"	"Persons and Places"
"Seletar"	"Persons and Places"
"sellers"	"Business and Commerce"
"Sellers"	"Business and Commerce"
"Sembilan"	"Persons and Places"
"send"	"Events and Society "
"Seng"	"Persons and Places"
"sent"	"Events and Society "
"Sepoy"	"Politics and Power"
"Seremban"	"Persons and Places"
"Seri"	"Persons and Places"
"Sermon"	"Events and Society "
"service"	"Events and Society "
"services"	"Events and Society "
"set"	"Events and Society "
"Sett"	"Persons and Places"
"Settlement"	"Politics and Power"
"several"	"remove"
"Sham"	"Persons and Places"
"Shanghai"	"Persons and Places"
"Share"	"Business and Commerce"
"share"	"Business and Commerce"
"Shares"	"Business and Commerce"
"shares"	"Business and Commerce"
"sheet"	"Business and Commerce"
"Sheet"	"Business and Commerce"
"ship"	"Business and Commerce"
"Ship"	"Business and Commerce"
"Shipping"	"Business and Commerce"
"Ships"	"Business and Commerce"
"ships"	"Business and Commerce"
"Shirtings"	"Business and Commerce"
"Short"	"Events and Society "
"shot"	"Events and Society "
"show"	"Events and Society "
"shows"	"Events and Society "
"Siam"	"Persons and Places"
"sight"	"Events and Society "
"Simons"	"Persons and Places"
"Singapore"	"Persons and Places"
"Singaporeans"	"Politics and Power"
"Singapores"	"Politics and Power"
"singles"	"Events and Society "
"Sir"	"Persons and Places"
"sir"	"Persons and Places"
"Sitting"	"Events and Society "
"six"	"Events and Society "
"slightly"	"Events and Society "
"small"	"Events and Society "
"Smokes"	"Events and Society "
"Snapshot"	"Events and Society "
"Soccer"	"Events and Society "
"soccer"	"Events and Society "
"Social"	"Events and Society "
"Society"	"Business and Commerce"
"Soldiers"	"Persons and Places"
"Something"	"Events and Society "
"Soo"	"Persons and Places"
"Soon"	"Persons and Places"
"sources"	"Events and Society "
"South"	"Persons and Places"
"Soviet"	"Politics and Power"
"special"	"Events and Society "
"Special"	"Events and Society "
"spoken"	"Events and Society "
"spokesman"	"Events and Society "
"sport"	"Events and Society "
"Sports"	"Events and Society "
"sports"	"Events and Society "
"Spot"	"Business and Commerce"
"spot"	"Events and Society "
"Spotlight"	"Events and Society "
"Sri"	"Persons and Places"
"Stadium"	"Persons and Places"
"Staff"	"Politics and Power"
"stake"	"Business and Commerce"
"Standard"	"Events and Society "
"Star"	"Persons and Places"
"star"	"Events and Society "
"Stars"	"Events and Society "
"stars"	"Events and Society "
"start"	"Events and Society "
"state"	"Politics and Power"
"State"	"Politics and Power"
"States"	"Persons and Places"
"states"	"Events and Society "
"station"	"Events and Society "
"steady"	"Events and Society "
"stealing"	"Events and Society "
"Steam"	"Business and Commerce"
"Steamer"	"Business and Commerce"
"steamer"	"Business and Commerce"
"Stewart"	"Persons and Places"
"sth"	"remove"
"Stock"	"Business and Commerce"
"stock"	"Business and Commerce"
"stocks"	"Business and Commerce"
"Story"	"Events and Society "
"story"	"Events and Society "
"stranger"	"Events and Society "
"Street"	"Persons and Places"
"strike"	"Events and Society "
"students"	"Events and Society "
"subject"	"Events and Society "
"Subscribed"	"remove"
"sugar"	"Business and Commerce"
"Suharto"	"Persons and Places"
"Summary"	"Events and Society "
"Superintendent"	"Politics and Power"
"supplied"	"Events and Society "
"support"	"Events and Society "
"Sweep"	"Events and Society "
"Sydney"	"Persons and Places"
"Symington"	"Persons and Places"
"system"	"Events and Society "
"tad"	"remove"
"Taipei"	"Persons and Places"
"Taiwan"	"Persons and Places"
"taken"	"Events and Society "
"takes"	"Events and Society "
"talks"	"Politics and Power"
"Tan"	"Persons and Places"
"Tang"	"Persons and Places"
"Tanya"	"Persons and Places"
"Tapioca"	"Business and Commerce"
"tba"	"remove"
"tbat"	"remove"
"Telegram"	"Events and Society "
"tbo"	"remove"
"tbr"	"remove"
"teachers"	"Events and Society "
"team"	"Events and Society "
"teams"	"Events and Society "
"Telegram"	"Events and Society "
"telegram"	"Events and Society "
"Telegrams"	"Events and Society "
"Telegraph"	"Events and Society "
"tells"	"Events and Society "
"ten"	"Events and Society "
"Tengku"	"Politics and Power"
"Tennis"	"Events and Society "
"tennis"	"Events and Society "
"Test"	"Events and Society "
"tha"	"remove"
"thai"	"Persons and Places"
"Thai"	"Persons and Places"
"Thailand"	"Persons and Places"
"thank"	"Events and Society "
"Theatre"	"Events and Society "
"things"	"Events and Society "
"think"	"Events and Society "
"third"	"Events and Society "
"thirty"	"Business and Commerce"
"Thomas"	"Persons and Places"
"thought"	"Events and Society "
"thr"	"remove"
"ticks"	"Events and Society "
"tie"	"Events and Society "
"ties"	"Politics and Power"
"Tiik"	"remove"
"til"	"remove"
"Timah"	"Persons and Places"
"time"	"Events and Society "
"Timor"	"Persons and Places"
"tin"	"Business and Commerce"
"Tin"	"Business and Commerce"
"tint"	"remove"
"tit"	"remove"
"title"	"Events and Society "
"together"	"Events and Society "
"Tokyo"	"Persons and Places"
"Tomorrow"	"Events and Society "
"tomorrow"	"Events and Society "
"Ton"	"Business and Commerce"
"ton"	"Business and Commerce"
"Tone"	"Business and Commerce"
"tone"	"Business and Commerce"
"Tong"	"Persons and Places"
"tonight"	"Events and Society "
"Tonkin"	"Persons and Places"
"tonnes"	"Business and Commerce"
"tons"	"Business and Commerce"
"took"	"Events and Society "
"top"	"Events and Society "
"Top"	"Business and Commerce"
"tor"	"remove"
"Tor"	"Persons and Places"
"total"	"Events and Society "
"Toto"	"Events and Society "
"Tournament"	"Events and Society "
"tournament"	"Events and Society "
"track"	"Events and Society "
"trade"	"Business and Commerce"
"traded"	"Business and Commerce"
"Trading"	"Business and Commerce"
"trading"	"Business and Commerce"
"train"	"Events and Society "
"Tramway"	"Events and Society "
"Translated"	"Events and Society "
"translated"	"Events and Society "
"Treasurer"	"Politics and Power"
"Tretchikoff"	"Persons and Places"
"trial"	"Events and Society "
"tries"	"Events and Society "
"troops"	"Events and Society "
"true"	"Events and Society "
"try"	"Events and Society "
"ttr"	"remove"
"Tues"	"remove"
"Tun"	"Politics and Power"
"Turf"	"Events and Society "
"Turnover"	"Events and Society "
"Twist"	"Business and Commerce"
"twist"	"Events and Society "
"ultimo"	"Business and Commerce"
"Umno"	"Politics and Power"
"unch"	"Business and Commerce"
"Unch"	"Business and Commerce"
"Unclaimed"	"Events and Society "
"understand"	"Events and Society "
"understood"	"Events and Society "
"unfinished"	"Events and Society "
"Union"	"Politics and Power"
"Unissued"	"Business and Commerce"
"United"	"Persons and Places"
"units"	"Business and Commerce"
"University"	"Persons and Places"
"upon"	"remove"
"Urn"	"Business and Commerce"
"use"	"Events and Society "
"used"	"Events and Society "
"Value"	"Business and Commerce"
"Van"	"Persons and Places"
"vessel"	"Business and Commerce"
"vessels"	"Business and Commerce"
"Vessels"	"Business and Commerce"
"via"	"remove"
"Victoria"	"Persons and Places"
"Victory"	"Events and Society "
"victory"	"Events and Society "
"Vietnam"	"Persons and Places"
"Vietnamese"	"Persons and Places"
"view"	"Events and Society "
"visit"	"Events and Society "
"Vol"	"Business and Commerce"
"Volunteer"	"Events and Society "
"waa"	"remove"
"Wall"	"Business and Commerce"
"want"	"remove"
"war"	"Events and Society "
"War"	"Events and Society "
"Washington"	"Persons and Places"
"waster"	"Events and Society "
"Water"	"Persons and Places"
"water"	"Events and Society "
"Wax"	"Business and Commerce"
"way"	"Events and Society "
"Weekly"	"Events and Society "
"weekly"	"Events and Society "
"weeks"	"Events and Society "
"Wei"	"Persons and Places"
"well"	"Events and Society "
"West"	"Persons and Places"
"Wharf"	"Business and Commerce"
"Wharves"	"Business and Commerce"
"White"	"Business and Commerce"
"white"	"Events and Society "
"wife"	"Events and Society "
"William"	"Persons and Places"
"Wilson"	"Persons and Places"
"Win"	"Events and Society "
"win"	"Events and Society "
"Wingate"	"Persons and Places"
"winner"	"Events and Society "
"Wireless"	"Events and Society "
"wish"	"Events and Society "
"without"	"Events and Society "
"Wizard"	"Business and Commerce"
"woman"	"Events and Society "
"Woman"	"Events and Society "
"women"	"Events and Society "
"Women"	"Events and Society "
"won"	"Events and Society "
"wood"	"Business and Commerce"
"Woods"	"Events and Society "
"wool"	"Business and Commerce"
"words"	"Events and Society "
"work"	"Events and Society "
"workers"	"Events and Society "
"working"	"Events and Society "
"world"	"Events and Society "
"World"	"Politics and Power"
"worth"	"Events and Society "
"writer"	"Events and Society "
"writing"	"Events and Society "
"Wyoming"	"Persons and Places"
"Yacht"	"Business and Commerce"
"yang"	"Events and Society "
"yes"	"Events and Society "
"Yesterdays"	"Events and Society "
"Yew"	"Persons and Places"
"York"	"Persons and Places"
"young"	"Events and Society "
"Zealand"	"Persons and Places"
"Zoo"	"Persons and Places"
